{
  "name": "Product",
  "plural": "Products",
  "base": "PersistedModel",
  "idInjection": true,
  "options": {
    "validateUpsert": true
  },
  "properties": {
    "code": {
      "type": "string",
      "required": true
    },
    "name": {
      "type": "string",
      "required": true
    },
    "stock": {
      "type": "number",
      "required": true,
      "default": 0
    },
    "category": {
      "type": "string",
      "required": true
    },
    "price": {
      "type": "number",
      "required": true
    },
    "offer": {
      "type": "boolean",
      "required": true,
      "default": false
    },
    "barcode": {
      "type": "string",
      "required": true
    },
    "image": {
      "type": "string",
      "required": true
    },
    "providerLink": {
      "type": "string"
    }
  },
  "validations": [],
  "relations": {},
  "acls": [],
  "methods": {}
}
