{
  "db": {
    "host": "localhost",
    "port": 27017,
    "url": "mongodb://localhost:27017/supermarketMongoDB",
    "database": "supermarketMongoDB",
    "password": "",
    "name": "db",
    "user": "",
    "useNewUrlParser": true,
    "connector": "mongodb"
  },
  "Email": {
    "name": "Email",
    "connector": "mail",
    "transports": [
      {
        "type": "SMTP",
        "host": "smtp.gmail.com",
        "secure": true,
        "port": 465,
        "auth": {
          "user": "pruebas.programacion.web@gmail.com",
          "pass": "test-password-123"
        }
      }
    ]
  },
  "UploadFiles": {
    "name": "UploadFiles",
    "connector": "loopback-component-storage",
    "provider": "fileSystem",
    "root": "./server/files"
  }
}
